{"cameraMode":{"drawMode":0,"name":"Shaded","section":"Shading Mode"},"sceneLighting":true,"audioPlay":false,"sceneViewState":{"showFog":true,"showMaterialUpdate":false,"showSkybox":false,"showFlares":true,"showImageEffects":true,"showParticleSystems":true},"in2DMode":false,"pivot":{"x":33.087074279785159,"y":-47.03723907470703,"z":-165.61404418945313},"rotation":{"x":-0.05006241053342819,"y":-0.9452224969863892,"z":0.27110299468040469,"w":-0.1746564358472824},"size":94.43802642822266,"orthographic":false}