{"cameraMode":{"drawMode":0,"name":"Shaded","section":"Shading Mode"},"sceneLighting":true,"audioPlay":false,"sceneViewState":{"showFog":true,"showMaterialUpdate":false,"showSkybox":false,"showFlares":true,"showImageEffects":true,"showParticleSystems":true},"in2DMode":false,"pivot":{"x":17.566850662231447,"y":-23.538278579711915,"z":-86.99122619628906},"rotation":{"x":-0.23159807920455934,"y":-0.7651200890541077,"z":0.3827216923236847,"w":-0.4630306661128998},"size":21.41584587097168,"orthographic":false}