{"cameraMode":{"drawMode":0,"name":"Shaded","section":"Shading Mode"},"sceneLighting":false,"audioPlay":false,"sceneViewState":{"showFog":true,"showMaterialUpdate":true,"showSkybox":true,"showFlares":true,"showImageEffects":true,"showParticleSystems":true},"in2DMode":false,"pivot":{"x":127.52256774902344,"y":7.497175693511963,"z":-31.141170501708986},"rotation":{"x":-0.07358536869287491,"y":0.8053069114685059,"z":-0.1022576168179512,"w":-0.5794245600700378},"size":4.041658401489258,"orthographic":false}