{"cameraMode":{"drawMode":0,"name":"Shaded","section":"Shading Mode"},"sceneLighting":false,"audioPlay":false,"sceneViewState":{"showFog":true,"showMaterialUpdate":true,"showSkybox":false,"showFlares":true,"showImageEffects":true,"showParticleSystems":true},"in2DMode":false,"pivot":{"x":-7.836857795715332,"y":0.9179036617279053,"z":5.840000152587891},"rotation":{"x":-0.06127596274018288,"y":0.8081476092338562,"z":-0.0854155644774437,"w":-0.5796303153038025},"size":4.2676920890808109,"orthographic":false}