{"cameraMode":{"drawMode":0,"name":"Shaded","section":"Shading Mode"},"sceneLighting":false,"audioPlay":false,"sceneViewState":{"showFog":true,"showMaterialUpdate":true,"showSkybox":true,"showFlares":true,"showImageEffects":true,"showParticleSystems":true},"in2DMode":false,"pivot":{"x":-4.97507381439209,"y":-211.13929748535157,"z":-608.2354125976563},"rotation":{"x":0.0018241704674437643,"y":-0.9812698364257813,"z":0.1925971359014511,"w":0.009432338178157807},"size":549.7174072265625,"orthographic":false}