{"cameraMode":{"drawMode":0,"name":"Shaded","section":"Shading Mode"},"sceneLighting":false,"audioPlay":false,"sceneViewState":{"showFog":true,"showMaterialUpdate":true,"showSkybox":false,"showFlares":true,"showImageEffects":true,"showParticleSystems":true},"in2DMode":false,"pivot":{"x":78.86107635498047,"y":-14.34742259979248,"z":-46.89013671875},"rotation":{"x":-0.0179347675293684,"y":0.9690207242965698,"z":-0.2359488606452942,"w":-0.07558249682188034},"size":142.61398315429688,"orthographic":false}