{"cameraMode":{"drawMode":0,"name":"Shaded","section":"Shading Mode"},"sceneLighting":false,"audioPlay":false,"sceneViewState":{"showFog":true,"showMaterialUpdate":true,"showSkybox":true,"showFlares":true,"showImageEffects":true,"showParticleSystems":true},"in2DMode":false,"pivot":{"x":77.68302917480469,"y":-12.51169490814209,"z":-50.17423629760742},"rotation":{"x":0.006616268772631884,"y":-0.9867205619812012,"z":0.04177958145737648,"w":0.1573222577571869},"size":7.431539058685303,"orthographic":false}