{"cameraMode":{"drawMode":0,"name":"Shaded","section":"Shading Mode"},"sceneLighting":false,"audioPlay":false,"sceneViewState":{"showFog":true,"showMaterialUpdate":true,"showSkybox":false,"showFlares":true,"showImageEffects":true,"showParticleSystems":true},"in2DMode":false,"pivot":{"x":77.55999755859375,"y":-13.789999961853028,"z":-50.22999954223633},"rotation":{"x":0.011551289819180966,"y":0.9756137132644653,"z":-0.21285603940486909,"w":0.053032830357551578},"size":22.0,"orthographic":false}