{"cameraMode":{"drawMode":0,"name":"Shaded","section":"Shading Mode"},"sceneLighting":false,"audioPlay":false,"sceneViewState":{"showFog":true,"showMaterialUpdate":true,"showSkybox":true,"showFlares":true,"showImageEffects":true,"showParticleSystems":true},"in2DMode":false,"pivot":{"x":166.32046508789063,"y":-17.800554275512697,"z":-46.18366622924805},"rotation":{"x":0.14167068898677827,"y":0.2937857508659363,"z":-0.04383367672562599,"w":0.9445531368255615},"size":18.241893768310548,"orthographic":false}