{"cameraMode":{"drawMode":0,"name":"Shaded","section":"Shading Mode"},"sceneLighting":false,"audioPlay":false,"sceneViewState":{"showFog":true,"showMaterialUpdate":true,"showSkybox":true,"showFlares":true,"showImageEffects":true,"showParticleSystems":true},"in2DMode":false,"pivot":{"x":84.91657257080078,"y":-31.68010139465332,"z":-74.99506378173828},"rotation":{"x":0.02611226588487625,"y":0.947330117225647,"z":-0.30901139974594118,"w":0.08005043864250183},"size":50.26364517211914,"orthographic":false}