{"cameraMode":{"drawMode":0,"name":"Shaded","section":"Shading Mode"},"sceneLighting":true,"audioPlay":false,"sceneViewState":{"showFog":true,"showMaterialUpdate":true,"showSkybox":true,"showFlares":true,"showImageEffects":true,"showParticleSystems":true},"in2DMode":false,"pivot":{"x":82.57874298095703,"y":-25.365562438964845,"z":-46.24272155761719},"rotation":{"x":-0.17733238637447358,"y":0.7360045909881592,"z":-0.21109014749526978,"w":-0.6182919144630432},"size":28.634490966796876,"orthographic":false}