{"cameraMode":{"drawMode":0,"name":"Shaded","section":"Shading Mode"},"sceneLighting":false,"audioPlay":false,"sceneViewState":{"showFog":true,"showMaterialUpdate":true,"showSkybox":false,"showFlares":true,"showImageEffects":true,"showParticleSystems":true},"in2DMode":false,"pivot":{"x":77.68302917480469,"y":-12.51169490814209,"z":-50.17423629760742},"rotation":{"x":-0.021166319027543069,"y":-0.4914454221725464,"z":0.011950970627367497,"w":-0.8705941438674927},"size":7.431539058685303,"orthographic":false}