{"cameraMode":{"drawMode":0,"name":"Shaded","section":"Shading Mode"},"sceneLighting":false,"audioPlay":false,"sceneViewState":{"showFog":true,"showMaterialUpdate":true,"showSkybox":false,"showFlares":true,"showImageEffects":true,"showParticleSystems":true},"in2DMode":false,"pivot":{"x":102.77781677246094,"y":-12.664449691772461,"z":-42.302452087402347},"rotation":{"x":-0.021166319027543069,"y":-0.4914454221725464,"z":0.011950970627367497,"w":-0.8705941438674927},"size":12.023468017578125,"orthographic":false}