{"cameraMode":{"drawMode":0,"name":"Shaded","section":"Shading Mode"},"sceneLighting":false,"audioPlay":false,"sceneViewState":{"showFog":true,"showMaterialUpdate":false,"showSkybox":false,"showFlares":true,"showImageEffects":true,"showParticleSystems":true},"in2DMode":false,"pivot":{"x":78.54188537597656,"y":-12.641464233398438,"z":-47.05060577392578},"rotation":{"x":0.011692946776747704,"y":0.9867435097694397,"z":-0.0818927064538002,"w":0.14035853743553163},"size":3.0080504417419435,"orthographic":false}