{"cameraMode":{"drawMode":0,"name":"Shaded","section":"Shading Mode"},"sceneLighting":true,"audioPlay":false,"sceneViewState":{"showFog":true,"showMaterialUpdate":true,"showSkybox":true,"showFlares":true,"showImageEffects":true,"showParticleSystems":true},"in2DMode":false,"pivot":{"x":-4.209158420562744,"y":-9.02641487121582,"z":32.85427474975586},"rotation":{"x":0.13163606822490693,"y":-0.0653800517320633,"z":0.008699165657162667,"w":0.9890909790992737},"size":46.69169235229492,"orthographic":false}