{"cameraMode":{"drawMode":0,"name":"Shaded","section":"Shading Mode"},"sceneLighting":true,"audioPlay":false,"sceneViewState":{"showFog":true,"showMaterialUpdate":true,"showSkybox":false,"showFlares":true,"showImageEffects":true,"showParticleSystems":true},"in2DMode":false,"pivot":{"x":10.46849536895752,"y":17.27389144897461,"z":42.040443420410159},"rotation":{"x":-0.027453355491161348,"y":0.9595916867256165,"z":-0.26125073432922366,"w":-0.10083692520856857},"size":24.626012802124025,"orthographic":false}