{"cameraMode":{"drawMode":0,"name":"Shaded","section":"Shading Mode"},"sceneLighting":false,"audioPlay":false,"sceneViewState":{"showFog":true,"showMaterialUpdate":true,"showSkybox":false,"showFlares":true,"showImageEffects":true,"showParticleSystems":true},"in2DMode":false,"pivot":{"x":0.8060244917869568,"y":0.22153277695178986,"z":-97.48206329345703},"rotation":{"x":-0.26655033230781557,"y":0.5522983074188232,"z":-0.19214949011802674,"w":-0.7661520838737488},"size":7.236570358276367,"orthographic":false}