{"cameraMode":{"drawMode":0,"name":"Shaded","section":"Shading Mode"},"sceneLighting":false,"audioPlay":false,"sceneViewState":{"showFog":true,"showMaterialUpdate":true,"showSkybox":false,"showFlares":true,"showImageEffects":true,"showParticleSystems":true},"in2DMode":false,"pivot":{"x":111.25106811523438,"y":-0.3248448371887207,"z":-0.5866236686706543},"rotation":{"x":-0.021166319027543069,"y":-0.4914454221725464,"z":0.011950970627367497,"w":-0.8705941438674927},"size":15.165230751037598,"orthographic":false}