{"cameraMode":{"drawMode":0,"name":"Shaded","section":"Shading Mode"},"sceneLighting":true,"audioPlay":false,"sceneViewState":{"showFog":true,"showMaterialUpdate":true,"showSkybox":true,"showFlares":true,"showImageEffects":true,"showParticleSystems":true},"in2DMode":false,"pivot":{"x":78.03184509277344,"y":-1.2698183059692383,"z":-37.289581298828128},"rotation":{"x":0.043218858540058139,"y":0.8740948438644409,"z":-0.47730422019958498,"w":0.07914649695158005},"size":7.711869716644287,"orthographic":false}