{"cameraMode":{"drawMode":0,"name":"Shaded","section":"Shading Mode"},"sceneLighting":false,"audioPlay":false,"sceneViewState":{"showFog":true,"showMaterialUpdate":true,"showSkybox":false,"showFlares":true,"showImageEffects":true,"showParticleSystems":true},"in2DMode":false,"pivot":{"x":-0.033063918352127078,"y":1.177233338356018,"z":-0.12293386459350586},"rotation":{"x":-0.013197612017393113,"y":0.957275390625,"z":-0.2854647636413574,"w":-0.04425661265850067},"size":3.0157666206359865,"orthographic":false}