{"cameraMode":{"drawMode":0,"name":"Shaded","section":"Shading Mode"},"sceneLighting":false,"audioPlay":false,"sceneViewState":{"showFog":true,"showMaterialUpdate":true,"showSkybox":false,"showFlares":true,"showImageEffects":true,"showParticleSystems":true},"in2DMode":false,"pivot":{"x":74.65574645996094,"y":-12.944637298583985,"z":-47.5056266784668},"rotation":{"x":-0.0188463032245636,"y":0.9244445562362671,"z":-0.04608441889286041,"w":-0.3780527710914612},"size":27.20227813720703,"orthographic":false}