{"cameraMode":{"drawMode":0,"name":"Shaded","section":"Shading Mode"},"sceneLighting":true,"audioPlay":false,"sceneViewState":{"showFog":true,"showMaterialUpdate":true,"showSkybox":false,"showFlares":true,"showImageEffects":true,"showParticleSystems":true},"in2DMode":false,"pivot":{"x":-3.1027960777282717,"y":23.227466583251954,"z":47.308753967285159},"rotation":{"x":-0.0020857006311416628,"y":0.9897029399871826,"z":-0.14230798184871674,"w":-0.014549543149769307},"size":29.24816131591797,"orthographic":false}