{"cameraMode":{"drawMode":0,"name":"Shaded","section":"Shading Mode"},"sceneLighting":true,"audioPlay":false,"sceneViewState":{"showFog":true,"showMaterialUpdate":true,"showSkybox":true,"showFlares":true,"showImageEffects":true,"showParticleSystems":true},"in2DMode":false,"pivot":{"x":76.84095001220703,"y":-7.598566055297852,"z":-41.884437561035159},"rotation":{"x":-0.07544377446174622,"y":0.9245473146438599,"z":-0.262167364358902,"w":-0.26605695486068728},"size":7.583500862121582,"orthographic":false}