{"cameraMode":{"drawMode":0,"name":"Shaded","section":"Shading Mode"},"sceneLighting":true,"audioPlay":false,"sceneViewState":{"showFog":true,"showMaterialUpdate":true,"showSkybox":true,"showFlares":true,"showImageEffects":true,"showParticleSystems":true},"in2DMode":false,"pivot":{"x":99.93445587158203,"y":-11.887927055358887,"z":-52.3740119934082},"rotation":{"x":-0.0013864925131201745,"y":-0.9933859705924988,"z":-0.01312100887298584,"w":0.11588577926158905},"size":12.023468017578125,"orthographic":false}