{"cameraMode":{"drawMode":0,"name":"Shaded","section":"Shading Mode"},"sceneLighting":false,"audioPlay":false,"sceneViewState":{"showFog":true,"showMaterialUpdate":false,"showSkybox":false,"showFlares":true,"showImageEffects":true,"showParticleSystems":true},"in2DMode":false,"pivot":{"x":108.83329772949219,"y":-7.472273826599121,"z":-7.601120948791504},"rotation":{"x":0.011640636250376702,"y":0.985344409942627,"z":-0.15376782417297364,"w":0.074330635368824},"size":12.023463249206543,"orthographic":false}