{"cameraMode":{"drawMode":0,"name":"Shaded","section":"Shading Mode"},"sceneLighting":false,"audioPlay":false,"sceneViewState":{"showFog":true,"showMaterialUpdate":true,"showSkybox":false,"showFlares":true,"showImageEffects":true,"showParticleSystems":true},"in2DMode":false,"pivot":{"x":101.40786743164063,"y":-13.07885456085205,"z":-43.295509338378909},"rotation":{"x":-0.007899421267211438,"y":-0.9915538430213928,"z":0.07331932336091995,"w":-0.10689778625965119},"size":4.208053112030029,"orthographic":false}