{"cameraMode":{"drawMode":0,"name":"Shaded","section":"Shading Mode"},"sceneLighting":false,"audioPlay":false,"sceneViewState":{"showFog":true,"showMaterialUpdate":true,"showSkybox":false,"showFlares":true,"showImageEffects":true,"showParticleSystems":true},"in2DMode":false,"pivot":{"x":2.0448150634765627,"y":1.7397270202636719,"z":7.7450971603393559},"rotation":{"x":-0.11965006589889527,"y":0.8753908276557922,"z":-0.37715619802474978,"w":-0.2777109444141388},"size":26.165342330932618,"orthographic":false}