{"cameraMode":{"drawMode":0,"name":"Shaded","section":"Shading Mode"},"sceneLighting":true,"audioPlay":false,"sceneViewState":{"showFog":true,"showMaterialUpdate":true,"showSkybox":true,"showFlares":true,"showImageEffects":true,"showParticleSystems":true},"in2DMode":false,"pivot":{"x":103.38130950927735,"y":-16.37921905517578,"z":-42.50761795043945},"rotation":{"x":-0.021166319027543069,"y":-0.4914454221725464,"z":0.011950970627367497,"w":-0.8705941438674927},"size":12.023468017578125,"orthographic":false}