{"cameraMode":{"drawMode":0,"name":"Shaded","section":"Shading Mode"},"sceneLighting":false,"audioPlay":false,"sceneViewState":{"showFog":true,"showMaterialUpdate":true,"showSkybox":false,"showFlares":true,"showImageEffects":true,"showParticleSystems":true},"in2DMode":false,"pivot":{"x":29.49814224243164,"y":-12.402563095092774,"z":2.976685047149658},"rotation":{"x":0.17025117576122285,"y":0.6866879463195801,"z":-0.17045505344867707,"w":0.6858686208724976},"size":45.37698745727539,"orthographic":false}