{"cameraMode":{"drawMode":0,"name":"Shaded","section":"Shading Mode"},"sceneLighting":false,"audioPlay":false,"sceneViewState":{"showFog":true,"showMaterialUpdate":true,"showSkybox":false,"showFlares":true,"showImageEffects":true,"showParticleSystems":true},"in2DMode":false,"pivot":{"x":80.95906066894531,"y":-13.82795238494873,"z":51.833038330078128},"rotation":{"x":0.017478076741099359,"y":0.970836341381073,"z":-0.2271200716495514,"w":0.0747077539563179},"size":7.583500862121582,"orthographic":false}