{"cameraMode":{"drawMode":0,"name":"Shaded","section":"Shading Mode"},"sceneLighting":true,"audioPlay":false,"sceneViewState":{"showFog":true,"showMaterialUpdate":true,"showSkybox":true,"showFlares":true,"showImageEffects":true,"showParticleSystems":true},"in2DMode":false,"pivot":{"x":76.20779418945313,"y":-13.911205291748047,"z":-46.956417083740237},"rotation":{"x":-0.013342998921871186,"y":0.946567714214325,"z":-0.3197975158691406,"w":-0.03949378430843353},"size":13.178317070007325,"orthographic":false}