{"cameraMode":{"drawMode":0,"name":"Shaded","section":"Shading Mode"},"sceneLighting":false,"audioPlay":false,"sceneViewState":{"showFog":true,"showMaterialUpdate":true,"showSkybox":false,"showFlares":true,"showImageEffects":true,"showParticleSystems":true},"in2DMode":false,"pivot":{"x":77.24036407470703,"y":-16.404014587402345,"z":-49.13729476928711},"rotation":{"x":0.07580681145191193,"y":0.9189923405647278,"z":-0.31972426176071169,"w":0.21789246797561646},"size":15.80859088897705,"orthographic":false}