{"cameraMode":{"drawMode":0,"name":"Shaded","section":"Shading Mode"},"sceneLighting":false,"audioPlay":false,"sceneViewState":{"showFog":true,"showMaterialUpdate":true,"showSkybox":false,"showFlares":true,"showImageEffects":true,"showParticleSystems":true},"in2DMode":false,"pivot":{"x":69.68267822265625,"y":-11.6670560836792,"z":-43.75596618652344},"rotation":{"x":0.002684485400095582,"y":0.9388938546180725,"z":-0.344117134809494,"w":0.007324500475078821},"size":7.583500862121582,"orthographic":false}