{"cameraMode":{"drawMode":0,"name":"Shaded","section":"Shading Mode"},"sceneLighting":false,"audioPlay":false,"sceneViewState":{"showFog":true,"showMaterialUpdate":true,"showSkybox":false,"showFlares":true,"showImageEffects":true,"showParticleSystems":true},"in2DMode":false,"pivot":{"x":0.12824270129203797,"y":1.0061111450195313,"z":0.2640504837036133},"rotation":{"x":-0.013342998921871186,"y":0.946567714214325,"z":-0.3197975158691406,"w":-0.03949378430843353},"size":3.266833543777466,"orthographic":false}