{"cameraMode":{"drawMode":0,"name":"Shaded","section":"Shading Mode"},"sceneLighting":false,"audioPlay":false,"sceneViewState":{"showFog":true,"showMaterialUpdate":true,"showSkybox":false,"showFlares":true,"showImageEffects":true,"showParticleSystems":true},"in2DMode":false,"pivot":{"x":79.53375244140625,"y":-12.524747848510743,"z":-47.66059112548828},"rotation":{"x":-0.07544377446174622,"y":0.9245473146438599,"z":-0.262167364358902,"w":-0.26605695486068728},"size":10.179591178894043,"orthographic":false}