{"cameraMode":{"drawMode":0,"name":"Shaded","section":"Shading Mode"},"sceneLighting":true,"audioPlay":false,"sceneViewState":{"showFog":true,"showMaterialUpdate":true,"showSkybox":true,"showFlares":true,"showImageEffects":true,"showParticleSystems":true},"in2DMode":false,"pivot":{"x":96.77397155761719,"y":-12.119985580444336,"z":-43.909095764160159},"rotation":{"x":-0.018812265247106553,"y":0.9672507643699646,"z":-0.2416389137506485,"w":-0.07530608028173447},"size":22.609811782836915,"orthographic":false}