{"cameraMode":{"drawMode":0,"name":"Shaded","section":"Shading Mode"},"sceneLighting":true,"audioPlay":false,"sceneViewState":{"showFog":true,"showMaterialUpdate":true,"showSkybox":false,"showFlares":true,"showImageEffects":true,"showParticleSystems":true},"in2DMode":false,"pivot":{"x":78.86107635498047,"y":-14.34742259979248,"z":-46.89013671875},"rotation":{"x":0.12452701479196549,"y":-0.8034902811050415,"z":0.1802293360233307,"w":0.5539259910583496},"size":142.61398315429688,"orthographic":false}